100 Years of Chemical Weapons,http://rss.slashdot.org/~r/Slashdot/slashdot/~3/Wq6zR55vgis/story01.htm,"MTorrice writes This year marks the 100th anniversary of the first large-scale use of chemical weapons during World War I. Sarah Everts at Chemical &amp; Engineering News remembers the event with a detailed account of the day in 1915 when the German Army released chlorine gas on its enemies, igniting a chemical arms race. Read the diaries of soldiers involved in the first gas attack. By the end of WWI, scientists working for both warring parties had evaluated some 3,000 different chemicals for use as weapons. Even though poison gas didn't end up becoming an efficient killing weapon on WWI battlefields&mdash;it was responsible for less than 1% of WWI's fatalities--its adoption set a precedent for using chemicals to murder en masse. In the past century, poison gas has killed millions of civilians around the world: commuters on the Tokyo subway, anti-government demonstrators in Syria, and those incarcerated in Third Reich concentration camps. Everts profiles chemist Fritz Haber, the man who lobbied to unleash the gas that day in 1915.<p><div class=""share_submission"" style=""position:relative;""> <a class=""slashpop"" href=""http://twitter.com/home?status=100+Years+of+Chemical+Weapons%3A+http%3A%2F%2Fbit.ly%2F1Ao6E6a""><img src=""http://a.fsdn.com/sd/twitter_icon_large.png""></a> <a class=""slashpop"" href=""http://www.facebook.com/sharer.php?u=http%3A%2F%2Ftech.slashdot.org%2Fstory%2F15%2F02%2F23%2F1533213%2F100-years-of-chemical-weapons%3Futm_source%3Dslashdot%26utm_medium%3Dfacebook""><img src=""http://a.fsdn.com/sd/facebook_icon_large.png""></a> <a class=""nobg"" href=""http://plus.google.com/share?url=http://tech.slashdot.org/story/15/02/23/1533213/100-years-of-chemical-weapons?utm_source=slashdot&amp;utm_medium=googleplus"" onclick=""javascript:window.open(this.href,'', 'menubar=no,toolbar=no,resizable=yes,scrollbars=yes,height=600,width=600');return false;""><img src=""http://www.gstatic.com/images/icons/gplus-16.png"" alt=""Share on Google+""/></a> </div></p><p><a href=""http://tech.slashdot.org/story/15/02/23/1533213/100-years-of-chemical-weapons?utm_source=rss1.0moreanon&amp;utm_medium=feed"">Read more of this story</a> at Slashdot.</p><iframe src=""http://slashdot.org/slashdot-it.pl?op=discuss&amp;id=7004497&amp;smallembed=1"" style=""height: 300px; width: 100%; border: none;""></iframe><img width='1' height='1' src='http://slashdot.feedsportal.com/c/35028/f/647410/s/43b501b3/sc/7/mf.gif' border='0'/><br clear='all'/><br/><br/><a href=""http://da.feedsportal.com/r/222166476933/u/49/f/647410/c/35028/s/43b501b3/sc/7/rc/1/rc.htm"" rel=""nofollow""><img src=""http://da.feedsportal.com/r/222166476933/u/49/f/647410/c/35028/s/43b501b3/sc/7/rc/1/rc.img"" border=""0""/></a><br/><a href=""http://da.feedsportal.com/r/222166476933/u/49/f/647410/c/35028/s/43b501b3/sc/7/rc/2/rc.htm"" rel=""nofollow""><img src=""http://da.feedsportal.com/r/222166476933/u/49/f/647410/c/35028/s/43b501b3/sc/7/rc/2/rc.img"" border=""0""/></a><br/><a href=""http://da.feedsportal.com/r/222166476933/u/49/f/647410/c/35028/s/43b501b3/sc/7/rc/3/rc.htm"" rel=""nofollow""><img src=""http://da.feedsportal.com/r/222166476933/u/49/f/647410/c/35028/s/43b501b3/sc/7/rc/3/rc.img"" border=""0""/></a><br/><br/><a href=""http://da.feedsportal.com/r/222166476933/u/49/f/647410/c/35028/s/43b501b3/sc/7/a2.htm""><img src=""http://da.feedsportal.com/r/222166476933/u/49/f/647410/c/35028/s/43b501b3/sc/7/a2.img"" border=""0""/></a><img width=""1"" height=""1"" src=""http://pi.feedsportal.com/r/222166476933/u/49/f/647410/c/35028/s/43b501b3/sc/7/a2t.img"" border=""0""/><img src=""//feeds.feedburner.com/~r/Slashdot/slashdot/~4/Wq6zR55vgis"" height=""1"" width=""1"" alt=""""/>"
"A Star Passed Through the Solar System Just 70,000 Years Ago (Universe Today)",http://news.feedzilla.com/en_us/stories/science/422129070?client_source=api&format=json,"Astronomers have reported the discovery of a star that passed within the outer
reaches of our Solar System just 70,000 years ago, when early humans were
beginning to take a foothold here on Earth. The stellar flyby was likely close
enough to have influenced the orbits of comets in the outer Oort Cloud, but
Neandertals […]

"
Ancient and Modern People Followed Same Mathematical Rule To Build Cities,http://rss.slashdot.org/~r/Slashdot/slashdot/~3/PGH8ATT1pdE/story01.htm,"An anonymous reader writes with news of a study that shows similarities in how cities are built throughout time. ""A study of archeological data from ancient Mexican settlements reveals remarkable similarities between pre-Colombian cities and modern ones, lending support to the idea that urban spaces are shaped by universal social behaviors. Sure, each city has its own local quirks, architecture, language and cuisine. But recently, some theoretical scientists have started to find there are universal laws that shape all urban spaces. And a new study suggests the same mathematical rules might apply to ancient settlements, too. Using archaeological data from the ruins of Tenochtitlan and thousands of other sites around it in Mexico, researchers found that private houses and public monuments were built in predictable ways.""<p><div class=""share_submission"" style=""position:relative;""> <a class=""slashpop"" href=""http://twitter.com/home?status=Ancient+and+Modern+People+Followed+Same+Mathematical+Rule+To+Build+Cities%3A+http%3A%2F%2Fbit.ly%2F18g047v""><img src=""http://a.fsdn.com/sd/twitter_icon_large.png""></a> <a class=""slashpop"" href=""http://www.facebook.com/sharer.php?u=http%3A%2F%2Fscience.slashdot.org%2Fstory%2F15%2F02%2F23%2F1524220%2Fancient-and-modern-people-followed-same-mathematical-rule-to-build-cities%3Futm_source%3Dslashdot%26utm_medium%3Dfacebook""><img src=""http://a.fsdn.com/sd/facebook_icon_large.png""></a> <a class=""nobg"" href=""http://plus.google.com/share?url=http://science.slashdot.org/story/15/02/23/1524220/ancient-and-modern-people-followed-same-mathematical-rule-to-build-cities?utm_source=slashdot&amp;utm_medium=googleplus"" onclick=""javascript:window.open(this.href,'', 'menubar=no,toolbar=no,resizable=yes,scrollbars=yes,height=600,width=600');return false;""><img src=""http://www.gstatic.com/images/icons/gplus-16.png"" alt=""Share on Google+""/></a> </div></p><p><a href=""http://science.slashdot.org/story/15/02/23/1524220/ancient-and-modern-people-followed-same-mathematical-rule-to-build-cities?utm_source=rss1.0moreanon&amp;utm_medium=feed"">Read more of this story</a> at Slashdot.</p><iframe src=""http://slashdot.org/slashdot-it.pl?op=discuss&amp;id=7004465&amp;smallembed=1"" style=""height: 300px; width: 100%; border: none;""></iframe><img width='1' height='1' src='http://slashdot.feedsportal.com/c/35028/f/647410/s/43b4b8e2/sc/4/mf.gif' border='0'/><br clear='all'/><br/><br/><a href=""http://da.feedsportal.com/r/222166439415/u/49/f/647410/c/35028/s/43b4b8e2/sc/4/rc/1/rc.htm"" rel=""nofollow""><img src=""http://da.feedsportal.com/r/222166439415/u/49/f/647410/c/35028/s/43b4b8e2/sc/4/rc/1/rc.img"" border=""0""/></a><br/><a href=""http://da.feedsportal.com/r/222166439415/u/49/f/647410/c/35028/s/43b4b8e2/sc/4/rc/2/rc.htm"" rel=""nofollow""><img src=""http://da.feedsportal.com/r/222166439415/u/49/f/647410/c/35028/s/43b4b8e2/sc/4/rc/2/rc.img"" border=""0""/></a><br/><a href=""http://da.feedsportal.com/r/222166439415/u/49/f/647410/c/35028/s/43b4b8e2/sc/4/rc/3/rc.htm"" rel=""nofollow""><img src=""http://da.feedsportal.com/r/222166439415/u/49/f/647410/c/35028/s/43b4b8e2/sc/4/rc/3/rc.img"" border=""0""/></a><br/><br/><a href=""http://da.feedsportal.com/r/222166439415/u/49/f/647410/c/35028/s/43b4b8e2/sc/4/a2.htm""><img src=""http://da.feedsportal.com/r/222166439415/u/49/f/647410/c/35028/s/43b4b8e2/sc/4/a2.img"" border=""0""/></a><img width=""1"" height=""1"" src=""http://pi.feedsportal.com/r/222166439415/u/49/f/647410/c/35028/s/43b4b8e2/sc/4/a2t.img"" border=""0""/><img src=""//feeds.feedburner.com/~r/Slashdot/slashdot/~4/PGH8ATT1pdE"" height=""1"" width=""1"" alt=""""/>"
Apple To Invest $2B Building Green Data Centers In Ireland and Denmark,http://rss.slashdot.org/~r/Slashdot/slashdot/~3/ToUofexQYH0/story01.htm,"stephendavion writes Amid deeper investigations into how Apple may be using its operations in Ireland as a means for tax avoidance on tens of billions of dollars in profit, the iPhone maker has announced that it will spend nearly $2 billion (&euro;1.7 billion) to develop two new 100% renewable energy data centers in Europe. The centers &mdash; which will use wind power and other green fuel sources &mdash; will be located in Athenry, Ireland, and Viborg, Denmark. Apple said that they will power services such as apps in the App Store, Siri and iMessage. Both locations will run on 100 percent renewable energy and Apple said they will have the 'lowest environmental impact' of its data centers thus far. It will also be following in the footsteps of companies like Facebook, which has also built sustainable data center operations out in Europe.<p><div class=""share_submission"" style=""position:relative;""> <a class=""slashpop"" href=""http://twitter.com/home?status=Apple+To+Invest+%242B+Building+Green+Data+Centers+In+Ireland+and+Denmark%3A+http%3A%2F%2Fbit.ly%2F17MZg99""><img src=""http://a.fsdn.com/sd/twitter_icon_large.png""></a> <a class=""slashpop"" href=""http://www.facebook.com/sharer.php?u=http%3A%2F%2Fapple.slashdot.org%2Fstory%2F15%2F02%2F23%2F1259258%2Fapple-to-invest-2b-building-green-data-centers-in-ireland-and-denmark%3Futm_source%3Dslashdot%26utm_medium%3Dfacebook""><img src=""http://a.fsdn.com/sd/facebook_icon_large.png""></a> <a class=""nobg"" href=""http://plus.google.com/share?url=http://apple.slashdot.org/story/15/02/23/1259258/apple-to-invest-2b-building-green-data-centers-in-ireland-and-denmark?utm_source=slashdot&amp;utm_medium=googleplus"" onclick=""javascript:window.open(this.href,'', 'menubar=no,toolbar=no,resizable=yes,scrollbars=yes,height=600,width=600');return false;""><img src=""http://www.gstatic.com/images/icons/gplus-16.png"" alt=""Share on Google+""/></a> </div></p><p><a href=""http://apple.slashdot.org/story/15/02/23/1259258/apple-to-invest-2b-building-green-data-centers-in-ireland-and-denmark?utm_source=rss1.0moreanon&amp;utm_medium=feed"">Read more of this story</a> at Slashdot.</p><iframe src=""http://slashdot.org/slashdot-it.pl?op=discuss&amp;id=7004135&amp;smallembed=1"" style=""height: 300px; width: 100%; border: none;""></iframe><img width='1' height='1' src='http://slashdot.feedsportal.com/c/35028/f/647410/s/43b3a688/sc/21/mf.gif' border='0'/><br clear='all'/><br/><br/><a href=""http://da.feedsportal.com/r/222166430431/u/49/f/647410/c/35028/s/43b3a688/sc/21/rc/1/rc.htm"" rel=""nofollow""><img src=""http://da.feedsportal.com/r/222166430431/u/49/f/647410/c/35028/s/43b3a688/sc/21/rc/1/rc.img"" border=""0""/></a><br/><a href=""http://da.feedsportal.com/r/222166430431/u/49/f/647410/c/35028/s/43b3a688/sc/21/rc/2/rc.htm"" rel=""nofollow""><img src=""http://da.feedsportal.com/r/222166430431/u/49/f/647410/c/35028/s/43b3a688/sc/21/rc/2/rc.img"" border=""0""/></a><br/><a href=""http://da.feedsportal.com/r/222166430431/u/49/f/647410/c/35028/s/43b3a688/sc/21/rc/3/rc.htm"" rel=""nofollow""><img src=""http://da.feedsportal.com/r/222166430431/u/49/f/647410/c/35028/s/43b3a688/sc/21/rc/3/rc.img"" border=""0""/></a><br/><br/><a href=""http://da.feedsportal.com/r/222166430431/u/49/f/647410/c/35028/s/43b3a688/sc/21/a2.htm""><img src=""http://da.feedsportal.com/r/222166430431/u/49/f/647410/c/35028/s/43b3a688/sc/21/a2.img"" border=""0""/></a><img width=""1"" height=""1"" src=""http://pi.feedsportal.com/r/222166430431/u/49/f/647410/c/35028/s/43b3a688/sc/21/a2t.img"" border=""0""/><img src=""//feeds.feedburner.com/~r/Slashdot/slashdot/~4/ToUofexQYH0"" height=""1"" width=""1"" alt=""""/>"
"Baby formula poses higher arsenic risk to newborns than breast milk, Dartmouth study shows (Eurekalert)",http://news.feedzilla.com/en_us/stories/science/422462592?client_source=api&format=json,"(_Dartmouth College_) In the first US study of urinary arsenic in babies,
Dartmouth College researchers found that formula-fed infants had higher
arsenic levels than breast-fed infants, and that breast milk itself contained
very low arsenic concentrations.

"
Better Home Insulation Needed to Ward Off Chemical Exposure (Scientific American),http://news.feedzilla.com/en_us/stories/science/422114264?client_source=api&format=json,"Alternatives to methylene diphenyl diisocyanate are more expensive but perhaps
safer for your lungs and more


-- Read more on ScientificAmerican.com

"
Brain Imaging Shows Abnormal White Matter Areas In the Brains of Stutterers,http://rss.slashdot.org/~r/Slashdot/slashdot/~3/UZ672mZFiAk/story01.htm,"n01 writes: Stuttering &mdash; a speech disorder in which sounds, syllables or words are repeated or prolonged &mdash; affects more than 70 million people, or about 1% of the population, worldwide. Once treated as a psychological or emotional condition, stuttering can now be traced to brain neuroanatomy and physiology. Two new studies from UC Santa Barbara researchers provide insight into the treatment of the speech disorder as well as understanding its physiological basis. The first paper, published in the American Journal of Speech-Language Pathology, finds that the MPI stuttering treatment program, a new treatment developed at UCSB, was twice as effective as the standard best practices protocol. The second study, which appears in the Journal of Speech, Language, and Hearing Research, uses diffusion spectrum imaging (DSI) in an MRI scanner to identify abnormal areas of white matter in the brains of adult stutterers. According to co-author Janis Ingham, a professor emerita of speech and hearing sciences at UCSB and co-author of both papers, the two studies taken together demonstrate two critical points: A neuroanatomic abnormality exists in the brains of people who stutter, yet they can learn to speak fluently in spite of it.<p><div class=""share_submission"" style=""position:relative;""> <a class=""slashpop"" href=""http://twitter.com/home?status=Brain+Imaging+Shows+Abnormal+White+Matter+Areas+In+the+Brains+of+Stutterers%3A+http%3A%2F%2Fbit.ly%2F1ADPznR""><img src=""http://a.fsdn.com/sd/twitter_icon_large.png""></a> <a class=""slashpop"" href=""http://www.facebook.com/sharer.php?u=http%3A%2F%2Fscience.slashdot.org%2Fstory%2F15%2F02%2F23%2F2345256%2Fbrain-imaging-shows-abnormal-white-matter-areas-in-the-brains-of-stutterers%3Futm_source%3Dslashdot%26utm_medium%3Dfacebook""><img src=""http://a.fsdn.com/sd/facebook_icon_large.png""></a> <a class=""nobg"" href=""http://plus.google.com/share?url=http://science.slashdot.org/story/15/02/23/2345256/brain-imaging-shows-abnormal-white-matter-areas-in-the-brains-of-stutterers?utm_source=slashdot&amp;utm_medium=googleplus"" onclick=""javascript:window.open(this.href,'', 'menubar=no,toolbar=no,resizable=yes,scrollbars=yes,height=600,width=600');return false;""><img src=""http://www.gstatic.com/images/icons/gplus-16.png"" alt=""Share on Google+""/></a> </div></p><p><a href=""http://science.slashdot.org/story/15/02/23/2345256/brain-imaging-shows-abnormal-white-matter-areas-in-the-brains-of-stutterers?utm_source=rss1.0moreanon&amp;utm_medium=feed"">Read more of this story</a> at Slashdot.</p><iframe src=""http://slashdot.org/slashdot-it.pl?op=discuss&amp;id=7005451&amp;smallembed=1"" style=""height: 300px; width: 100%; border: none;""></iframe><img width='1' height='1' src='http://slashdot.feedsportal.com/c/35028/f/647410/s/43b7a325/sc/38/mf.gif' border='0'/><br clear='all'/><br/><br/><a href=""http://da.feedsportal.com/r/222166446143/u/49/f/647410/c/35028/s/43b7a325/sc/38/rc/1/rc.htm"" rel=""nofollow""><img src=""http://da.feedsportal.com/r/222166446143/u/49/f/647410/c/35028/s/43b7a325/sc/38/rc/1/rc.img"" border=""0""/></a><br/><a href=""http://da.feedsportal.com/r/222166446143/u/49/f/647410/c/35028/s/43b7a325/sc/38/rc/2/rc.htm"" rel=""nofollow""><img src=""http://da.feedsportal.com/r/222166446143/u/49/f/647410/c/35028/s/43b7a325/sc/38/rc/2/rc.img"" border=""0""/></a><br/><a href=""http://da.feedsportal.com/r/222166446143/u/49/f/647410/c/35028/s/43b7a325/sc/38/rc/3/rc.htm"" rel=""nofollow""><img src=""http://da.feedsportal.com/r/222166446143/u/49/f/647410/c/35028/s/43b7a325/sc/38/rc/3/rc.img"" border=""0""/></a><br/><br/><a href=""http://da.feedsportal.com/r/222166446143/u/49/f/647410/c/35028/s/43b7a325/sc/38/a2.htm""><img src=""http://da.feedsportal.com/r/222166446143/u/49/f/647410/c/35028/s/43b7a325/sc/38/a2.img"" border=""0""/></a><img width=""1"" height=""1"" src=""http://pi.feedsportal.com/r/222166446143/u/49/f/647410/c/35028/s/43b7a325/sc/38/a2t.img"" border=""0""/><img src=""//feeds.feedburner.com/~r/Slashdot/slashdot/~4/UZ672mZFiAk"" height=""1"" width=""1"" alt=""""/>"
Companies of Several Indian Billionaires Embroiled In A Case Of Corporate Espionage (Forbes),http://news.feedzilla.com/en_us/stories/science/422478989?client_source=api&format=json,"Five employees of companies controlled by four of India's most prominent
tycoons, including billionaire brothers Mukesh Ambani and Anil Ambani, were
arrested over the weekend in a case of corporate espionage that alleges theft
of documents from government offices, according to media reports.

"
Diaper Material Brings Nanoscale Resolution to Ordinary Microscopes (Scientific American),http://news.feedzilla.com/en_us/stories/science/422114686?client_source=api&format=json,"Absorbent makes brain tissue bigger, enabling optical microscopes to resolve
features down to 60 nanometers


-- Read more on ScientificAmerican.com

"
Egg-laying season starts at California condor breeding sites (The Arizona Republic),http://news.feedzilla.com/en_us/stories/science/422121986?client_source=api&format=json,"BOISE, Idaho (AP) -- Egg-laying season has started at four breeding facilities
for captive California condors, North America's largest bird....

"
Exclusive: Orbital explosion probe said to find debris in engine: sources (reuters),http://news.feedzilla.com/en_us/stories/science/422108066?client_source=api&format=json,"WASHINGTON (Reuters) - Last October's explosion of Orbital ATK Inc's Antares
rocket may have been triggered when debris inadvertently left in a fuel tank
traveled into the booster's main engine, two people familiar with
investigations into the accident told Reuters.







"
"Following Record Temperatures, Biggest Bushfire of the Summer Rages in Southern Australia (Discover Magazine)",http://news.feedzilla.com/en_us/stories/science/422476338?client_source=api&format=json,"A bushfire visible from space is raging just outside the city of Adelaide in
South Australia. The blaze has burned 42 square miles so far, an area about
twice the size of Manhattan. Five homes are confirmed destroyed, and dozens
more have likely been lost. This is said to be the worst bushfire in the area
since the Ash Wednesday inferno in 1983. More than 70 lives were lost in that
catastrophe. The #Adelaide #bushfire is still raging out of control tonight.
Check this amazing photo of

"
Google Lunar XPrize Teams Partner For a 2016 SpaceX Moonshot,http://rss.slashdot.org/~r/Slashdot/slashdot/~3/7Ar_L2UkOnQ/story01.htm,"An anonymous reader writes Two competing teams for the Google Lunar XPrize have announced that they are partnering for a mission to the moon in the second half of 2016. From the article: ""The Google Lunar XPrize , a $30 million purse of prizes encouraging private teams to put lunar rovers on the moon, this morning took if not quite a giant leap, then at least a big step. Two of those teams, Pittsburgh-based Astrobotic and Japan-based Hakuto, signed on to share a rocket ride to the moon in late 2016. Hakuto, which developed a pair of rovers to explore the lunar surface, will hitch a ride on Astrobotic's lander, which plans to set down in Lacus Mortis, located in the northeastern portion of the moon. Once on the surface, both teams will deploy their rovers and go exploring. The first to cover 500 meters (around 550 yards) while broadcasting high-definition footage will take home the $20 million grand prize.""<p><div class=""share_submission"" style=""position:relative;""> <a class=""slashpop"" href=""http://twitter.com/home?status=Google+Lunar+XPrize+Teams+Partner+For+a+2016+SpaceX+Moonshot%3A+http%3A%2F%2Fbit.ly%2F1EJcPBB""><img src=""http://a.fsdn.com/sd/twitter_icon_large.png""></a> <a class=""slashpop"" href=""http://www.facebook.com/sharer.php?u=http%3A%2F%2Ftech.slashdot.org%2Fstory%2F15%2F02%2F23%2F1918204%2Fgoogle-lunar-xprize-teams-partner-for-a-2016-spacex-moonshot%3Futm_source%3Dslashdot%26utm_medium%3Dfacebook""><img src=""http://a.fsdn.com/sd/facebook_icon_large.png""></a> <a class=""nobg"" href=""http://plus.google.com/share?url=http://tech.slashdot.org/story/15/02/23/1918204/google-lunar-xprize-teams-partner-for-a-2016-spacex-moonshot?utm_source=slashdot&amp;utm_medium=googleplus"" onclick=""javascript:window.open(this.href,'', 'menubar=no,toolbar=no,resizable=yes,scrollbars=yes,height=600,width=600');return false;""><img src=""http://www.gstatic.com/images/icons/gplus-16.png"" alt=""Share on Google+""/></a> </div></p><p><a href=""http://tech.slashdot.org/story/15/02/23/1918204/google-lunar-xprize-teams-partner-for-a-2016-spacex-moonshot?utm_source=rss1.0moreanon&amp;utm_medium=feed"">Read more of this story</a> at Slashdot.</p><iframe src=""http://slashdot.org/slashdot-it.pl?op=discuss&amp;id=7005067&amp;smallembed=1"" style=""height: 300px; width: 100%; border: none;""></iframe><img width='1' height='1' src='http://slashdot.feedsportal.com/c/35028/f/647410/s/43b67cdb/sc/21/mf.gif' border='0'/><br clear='all'/><br/><br/><a href=""http://da.feedsportal.com/r/222166480368/u/49/f/647410/c/35028/s/43b67cdb/sc/21/rc/1/rc.htm"" rel=""nofollow""><img src=""http://da.feedsportal.com/r/222166480368/u/49/f/647410/c/35028/s/43b67cdb/sc/21/rc/1/rc.img"" border=""0""/></a><br/><a href=""http://da.feedsportal.com/r/222166480368/u/49/f/647410/c/35028/s/43b67cdb/sc/21/rc/2/rc.htm"" rel=""nofollow""><img src=""http://da.feedsportal.com/r/222166480368/u/49/f/647410/c/35028/s/43b67cdb/sc/21/rc/2/rc.img"" border=""0""/></a><br/><a href=""http://da.feedsportal.com/r/222166480368/u/49/f/647410/c/35028/s/43b67cdb/sc/21/rc/3/rc.htm"" rel=""nofollow""><img src=""http://da.feedsportal.com/r/222166480368/u/49/f/647410/c/35028/s/43b67cdb/sc/21/rc/3/rc.img"" border=""0""/></a><br/><br/><a href=""http://da.feedsportal.com/r/222166480368/u/49/f/647410/c/35028/s/43b67cdb/sc/21/a2.htm""><img src=""http://da.feedsportal.com/r/222166480368/u/49/f/647410/c/35028/s/43b67cdb/sc/21/a2.img"" border=""0""/></a><img width=""1"" height=""1"" src=""http://pi.feedsportal.com/r/222166480368/u/49/f/647410/c/35028/s/43b67cdb/sc/21/a2t.img"" border=""0""/><img src=""//feeds.feedburner.com/~r/Slashdot/slashdot/~4/7Ar_L2UkOnQ"" height=""1"" width=""1"" alt=""""/>"
Google Teams Up With 3 Wireless Carriers To Combat Apple Pay,http://rss.slashdot.org/~r/Slashdot/slashdot/~3/WhzD86zYs-g/story01.htm,"HughPickens.com writes AP reports that in an effort to undercut Apple's hit service Apple Pay, Google is teaming up with three wireless carriers by building its payment service into Android smartphones sold by AT&amp;T Inc., Verizon Wireless and T-Mobile USA. Besides trying to make it more convenient to use Wallet, Google also is hoping to improve the nearly 4-year-old service. Toward that end, Google is buying some mobile payment technology and patents from Softcard, a 5-year-old venture owned by the wireless carriers. Financial terms weren't disclosed but Apple Pay's popularity probably helped forge the unlikely alliance between Google and the wireless carriers. Google traditionally has had a prickly relationship with the carriers, largely because it doesn't believe enough has been done to upgrade wireless networks and make them cheaper so more people can spend more time online. The biggest challenge however is one that both Apple and Google face: Only a small fraction of the 10 million or so retail outlets in the U.S.&ndash;220,000 at last count&ndash;have checkout readers that can accept payments from either system. Both wallets use a radio technology called Near Field Communication to send payment, and it's expected to take years for most stores to be upgraded. What's at play? The big tech companies and carriers seem convinced that our phones will eventually replace our wallets. For carriers, that could make mobile wallet technology table stakes over the next few years as they compete for consumers.<p><div class=""share_submission"" style=""position:relative;""> <a class=""slashpop"" href=""http://twitter.com/home?status=Google+Teams+Up+With+3+Wireless+Carriers+To+Combat+Apple+Pay%3A+http%3A%2F%2Fbit.ly%2F17P7Uns""><img src=""http://a.fsdn.com/sd/twitter_icon_large.png""></a> <a class=""slashpop"" href=""http://www.facebook.com/sharer.php?u=http%3A%2F%2Ftech.slashdot.org%2Fstory%2F15%2F02%2F23%2F2158237%2Fgoogle-teams-up-with-3-wireless-carriers-to-combat-apple-pay%3Futm_source%3Dslashdot%26utm_medium%3Dfacebook""><img src=""http://a.fsdn.com/sd/facebook_icon_large.png""></a> <a class=""nobg"" href=""http://plus.google.com/share?url=http://tech.slashdot.org/story/15/02/23/2158237/google-teams-up-with-3-wireless-carriers-to-combat-apple-pay?utm_source=slashdot&amp;utm_medium=googleplus"" onclick=""javascript:window.open(this.href,'', 'menubar=no,toolbar=no,resizable=yes,scrollbars=yes,height=600,width=600');return false;""><img src=""http://www.gstatic.com/images/icons/gplus-16.png"" alt=""Share on Google+""/></a> </div></p><p><a href=""http://tech.slashdot.org/story/15/02/23/2158237/google-teams-up-with-3-wireless-carriers-to-combat-apple-pay?utm_source=rss1.0moreanon&amp;utm_medium=feed"">Read more of this story</a> at Slashdot.</p><iframe src=""http://slashdot.org/slashdot-it.pl?op=discuss&amp;id=7005267&amp;smallembed=1"" style=""height: 300px; width: 100%; border: none;""></iframe><img width='1' height='1' src='http://slashdot.feedsportal.com/c/35028/f/647410/s/43b73b64/sc/21/mf.gif' border='0'/><br clear='all'/><br/><br/><a href=""http://da.feedsportal.com/r/222166449693/u/49/f/647410/c/35028/s/43b73b64/sc/21/rc/1/rc.htm"" rel=""nofollow""><img src=""http://da.feedsportal.com/r/222166449693/u/49/f/647410/c/35028/s/43b73b64/sc/21/rc/1/rc.img"" border=""0""/></a><br/><a href=""http://da.feedsportal.com/r/222166449693/u/49/f/647410/c/35028/s/43b73b64/sc/21/rc/2/rc.htm"" rel=""nofollow""><img src=""http://da.feedsportal.com/r/222166449693/u/49/f/647410/c/35028/s/43b73b64/sc/21/rc/2/rc.img"" border=""0""/></a><br/><a href=""http://da.feedsportal.com/r/222166449693/u/49/f/647410/c/35028/s/43b73b64/sc/21/rc/3/rc.htm"" rel=""nofollow""><img src=""http://da.feedsportal.com/r/222166449693/u/49/f/647410/c/35028/s/43b73b64/sc/21/rc/3/rc.img"" border=""0""/></a><br/><br/><a href=""http://da.feedsportal.com/r/222166449693/u/49/f/647410/c/35028/s/43b73b64/sc/21/a2.htm""><img src=""http://da.feedsportal.com/r/222166449693/u/49/f/647410/c/35028/s/43b73b64/sc/21/a2.img"" border=""0""/></a><img width=""1"" height=""1"" src=""http://pi.feedsportal.com/r/222166449693/u/49/f/647410/c/35028/s/43b73b64/sc/21/a2t.img"" border=""0""/><img src=""//feeds.feedburner.com/~r/Slashdot/slashdot/~4/WhzD86zYs-g"" height=""1"" width=""1"" alt=""""/>"
Higgs Boson Could Explain Matter’s Dominance over Antimatter (Scientific American),http://news.feedzilla.com/en_us/stories/science/422114691?client_source=api&format=json,"A new theory suggests the Higgs field varied in the early universe, offering
matter a chance to split off from antimatter


-- Read more on ScientificAmerican.com

"
Humans off the Hook for Alaskan Mastodon Extinction (Scientific American),http://news.feedzilla.com/en_us/stories/science/422114599?client_source=api&format=json,"A reexamination of museum mastodon specimens provides evidence that that last
ones were gone from what's called the Beringia region well before any humans
showed up. Emily Schwing...


-- Read more on ScientificAmerican.com

"
"In Derby Warm-Up Race, a Favorite Is Disqualified (New York Times)",http://news.feedzilla.com/en_us/stories/science/422174423?client_source=api&format=json,"Itsaknockout was awarded a victory in the Fountain of Youth Stakes after
Upstart, who had finished first, was disqualified for impeding Itsaknockout
during the race.

"
"In Florida, Secrecy Around Stingray Leads To Plea Bargain For a Robber",http://rss.slashdot.org/~r/Slashdot/slashdot/~3/JzYqcIXxyvg/story01.htm,"schwit1 writes The case against Tadrae McKenzie looked like an easy win for prosecutors. He and two buddies robbed a small-time pot dealer of $130 worth of weed using BB guns. Under Florida law, that was robbery with a deadly weapon, with a sentence of at least four years in prison. But before trial, his defense team detected investigators' use of a secret surveillance tool, one that raises significant privacy concerns. In an unprecedented move, a state judge ordered the police to show the device &mdash; a cell-tower simulator sometimes called a StingRay &mdash; to the attorneys. Rather than show the equipment, the state offered McKenzie a plea bargain. Today, 20-year-old McKenzie is serving six months' probation after pleading guilty to a second-degree misdemeanor. He got, as one civil liberties advocate said, the deal of the century.<p><div class=""share_submission"" style=""position:relative;""> <a class=""slashpop"" href=""http://twitter.com/home?status=In+Florida%2C+Secrecy+Around+Stingray+Leads+To+Plea+Bargain+For+a+Robber%3A+http%3A%2F%2Fbit.ly%2F17LRfBi""><img src=""http://a.fsdn.com/sd/twitter_icon_large.png""></a> <a class=""slashpop"" href=""http://www.facebook.com/sharer.php?u=http%3A%2F%2Fyro.slashdot.org%2Fstory%2F15%2F02%2F23%2F0611254%2Fin-florida-secrecy-around-stingray-leads-to-plea-bargain-for-a-robber%3Futm_source%3Dslashdot%26utm_medium%3Dfacebook""><img src=""http://a.fsdn.com/sd/facebook_icon_large.png""></a> <a class=""nobg"" href=""http://plus.google.com/share?url=http://yro.slashdot.org/story/15/02/23/0611254/in-florida-secrecy-around-stingray-leads-to-plea-bargain-for-a-robber?utm_source=slashdot&amp;utm_medium=googleplus"" onclick=""javascript:window.open(this.href,'', 'menubar=no,toolbar=no,resizable=yes,scrollbars=yes,height=600,width=600');return false;""><img src=""http://www.gstatic.com/images/icons/gplus-16.png"" alt=""Share on Google+""/></a> </div></p><p><a href=""http://yro.slashdot.org/story/15/02/23/0611254/in-florida-secrecy-around-stingray-leads-to-plea-bargain-for-a-robber?utm_source=rss1.0moreanon&amp;utm_medium=feed"">Read more of this story</a> at Slashdot.</p><iframe src=""http://slashdot.org/slashdot-it.pl?op=discuss&amp;id=7002149&amp;smallembed=1"" style=""height: 300px; width: 100%; border: none;""></iframe><img width='1' height='1' src='http://slashdot.feedsportal.com/c/35028/f/647410/s/43b0211d/sc/8/mf.gif' border='0'/><br clear='all'/><br/><br/><a href=""http://da.feedsportal.com/r/222166420530/u/49/f/647410/c/35028/s/43b0211d/sc/8/rc/1/rc.htm"" rel=""nofollow""><img src=""http://da.feedsportal.com/r/222166420530/u/49/f/647410/c/35028/s/43b0211d/sc/8/rc/1/rc.img"" border=""0""/></a><br/><a href=""http://da.feedsportal.com/r/222166420530/u/49/f/647410/c/35028/s/43b0211d/sc/8/rc/2/rc.htm"" rel=""nofollow""><img src=""http://da.feedsportal.com/r/222166420530/u/49/f/647410/c/35028/s/43b0211d/sc/8/rc/2/rc.img"" border=""0""/></a><br/><a href=""http://da.feedsportal.com/r/222166420530/u/49/f/647410/c/35028/s/43b0211d/sc/8/rc/3/rc.htm"" rel=""nofollow""><img src=""http://da.feedsportal.com/r/222166420530/u/49/f/647410/c/35028/s/43b0211d/sc/8/rc/3/rc.img"" border=""0""/></a><br/><br/><a href=""http://da.feedsportal.com/r/222166420530/u/49/f/647410/c/35028/s/43b0211d/sc/8/a2.htm""><img src=""http://da.feedsportal.com/r/222166420530/u/49/f/647410/c/35028/s/43b0211d/sc/8/a2.img"" border=""0""/></a><img width=""1"" height=""1"" src=""http://pi.feedsportal.com/r/222166420530/u/49/f/647410/c/35028/s/43b0211d/sc/8/a2t.img"" border=""0""/><img src=""//feeds.feedburner.com/~r/Slashdot/slashdot/~4/JzYqcIXxyvg"" height=""1"" width=""1"" alt=""""/>"
Is Sega the Next Atari?,http://rss.slashdot.org/~r/Slashdot/slashdot/~3/naGIMY4k8Qw/story01.htm,"donniebaseball23 writes As CEO of Sega of America in the early 1990s, Tom Kalinske oversaw the company during its glory days, when all eyes in the industry were glued to the titanic struggle for console superiority between the Super Nintendo and Sega Genesis. Times have changed, to put it mildly, and Sega is now a shell of its former self. Where did things go wrong? According to Kalinske, Sega's downfall was failing to partner with Sony on a new platform, and the bad decisions kept piling on from there. Sega's exit from hardware ""could have been avoided if they had made the right decisions going back literally 20 years ago. But they seem to have made the wrong decisions for 20 years.""<p><div class=""share_submission"" style=""position:relative;""> <a class=""slashpop"" href=""http://twitter.com/home?status=Is+Sega+the+Next+Atari%3F%3A+http%3A%2F%2Fbit.ly%2F17O1Xau""><img src=""http://a.fsdn.com/sd/twitter_icon_large.png""></a> <a class=""slashpop"" href=""http://www.facebook.com/sharer.php?u=http%3A%2F%2Fgames.slashdot.org%2Fstory%2F15%2F02%2F23%2F1755238%2Fis-sega-the-next-atari%3Futm_source%3Dslashdot%26utm_medium%3Dfacebook""><img src=""http://a.fsdn.com/sd/facebook_icon_large.png""></a> <a class=""nobg"" href=""http://plus.google.com/share?url=http://games.slashdot.org/story/15/02/23/1755238/is-sega-the-next-atari?utm_source=slashdot&amp;utm_medium=googleplus"" onclick=""javascript:window.open(this.href,'', 'menubar=no,toolbar=no,resizable=yes,scrollbars=yes,height=600,width=600');return false;""><img src=""http://www.gstatic.com/images/icons/gplus-16.png"" alt=""Share on Google+""/></a> </div></p><p><a href=""http://games.slashdot.org/story/15/02/23/1755238/is-sega-the-next-atari?utm_source=rss1.0moreanon&amp;utm_medium=feed"">Read more of this story</a> at Slashdot.</p><iframe src=""http://slashdot.org/slashdot-it.pl?op=discuss&amp;id=7004883&amp;smallembed=1"" style=""height: 300px; width: 100%; border: none;""></iframe><img width='1' height='1' src='http://slashdot.feedsportal.com/c/35028/f/647410/s/43b5b3aa/sc/36/mf.gif' border='0'/><br clear='all'/><br/><br/><a href=""http://da.feedsportal.com/r/222166439878/u/49/f/647410/c/35028/s/43b5b3aa/sc/36/rc/1/rc.htm"" rel=""nofollow""><img src=""http://da.feedsportal.com/r/222166439878/u/49/f/647410/c/35028/s/43b5b3aa/sc/36/rc/1/rc.img"" border=""0""/></a><br/><a href=""http://da.feedsportal.com/r/222166439878/u/49/f/647410/c/35028/s/43b5b3aa/sc/36/rc/2/rc.htm"" rel=""nofollow""><img src=""http://da.feedsportal.com/r/222166439878/u/49/f/647410/c/35028/s/43b5b3aa/sc/36/rc/2/rc.img"" border=""0""/></a><br/><a href=""http://da.feedsportal.com/r/222166439878/u/49/f/647410/c/35028/s/43b5b3aa/sc/36/rc/3/rc.htm"" rel=""nofollow""><img src=""http://da.feedsportal.com/r/222166439878/u/49/f/647410/c/35028/s/43b5b3aa/sc/36/rc/3/rc.img"" border=""0""/></a><br/><br/><a href=""http://da.feedsportal.com/r/222166439878/u/49/f/647410/c/35028/s/43b5b3aa/sc/36/a2.htm""><img src=""http://da.feedsportal.com/r/222166439878/u/49/f/647410/c/35028/s/43b5b3aa/sc/36/a2.img"" border=""0""/></a><img width=""1"" height=""1"" src=""http://pi.feedsportal.com/r/222166439878/u/49/f/647410/c/35028/s/43b5b3aa/sc/36/a2t.img"" border=""0""/><img src=""//feeds.feedburner.com/~r/Slashdot/slashdot/~4/naGIMY4k8Qw"" height=""1"" width=""1"" alt=""""/>"
KBG syndrome (US NLM),http://news.feedzilla.com/en_us/stories/science/422129410?client_source=api&format=json,"KBG syndrome and its relationship with gene ANKRD11 have been added to
Genetics Home Reference. Web links to MedlinePlus, patient support web sites,
Genetic Testing Registry, ClinicalTrials.gov, PubMed, and OMIM are included.

"
Lenovo Hit With Lawsuit Over Superfish Adware,http://rss.slashdot.org/~r/Slashdot/slashdot/~3/34LOJ8NPN0k/story01.htm,"An anonymous reader writes with news that the fallout from the Superfish fiasco might just be starting for Lenovo. ""Lenovo admitted to pre-loading the Superfish adware on some consumer PCs, and unhappy customers are now dragging the company to court on the matter. A proposed class-action suit was filed late last week against Lenovo and Superfish, which charges both companies with 'fraudulent' business practices and of making Lenovo PCs vulnerable to malware and malicious attacks by pre-loading the adware. Plaintiff Jessica Bennett said her laptop was damaged as a result of Superfish, which was called 'spyware' in court documents. She also accused Lenovo and Superfish of invading her privacy and making money by studying her Internet browsing habits.""<p><div class=""share_submission"" style=""position:relative;""> <a class=""slashpop"" href=""http://twitter.com/home?status=Lenovo+Hit+With+Lawsuit+Over+Superfish+Adware%3A+http%3A%2F%2Fbit.ly%2F1Bf8PLT""><img src=""http://a.fsdn.com/sd/twitter_icon_large.png""></a> <a class=""slashpop"" href=""http://www.facebook.com/sharer.php?u=http%3A%2F%2Fyro.slashdot.org%2Fstory%2F15%2F02%2F23%2F1847247%2Flenovo-hit-with-lawsuit-over-superfish-adware%3Futm_source%3Dslashdot%26utm_medium%3Dfacebook""><img src=""http://a.fsdn.com/sd/facebook_icon_large.png""></a> <a class=""nobg"" href=""http://plus.google.com/share?url=http://yro.slashdot.org/story/15/02/23/1847247/lenovo-hit-with-lawsuit-over-superfish-adware?utm_source=slashdot&amp;utm_medium=googleplus"" onclick=""javascript:window.open(this.href,'', 'menubar=no,toolbar=no,resizable=yes,scrollbars=yes,height=600,width=600');return false;""><img src=""http://www.gstatic.com/images/icons/gplus-16.png"" alt=""Share on Google+""/></a> </div></p><p><a href=""http://yro.slashdot.org/story/15/02/23/1847247/lenovo-hit-with-lawsuit-over-superfish-adware?utm_source=rss1.0moreanon&amp;utm_medium=feed"">Read more of this story</a> at Slashdot.</p><iframe src=""http://slashdot.org/slashdot-it.pl?op=discuss&amp;id=7004979&amp;smallembed=1"" style=""height: 300px; width: 100%; border: none;""></iframe><img width='1' height='1' src='http://slashdot.feedsportal.com/c/35028/f/647410/s/43b5aa79/sc/4/mf.gif' border='0'/><br clear='all'/><br/><br/><a href=""http://da.feedsportal.com/r/222166438698/u/49/f/647410/c/35028/s/43b5aa79/sc/4/rc/1/rc.htm"" rel=""nofollow""><img src=""http://da.feedsportal.com/r/222166438698/u/49/f/647410/c/35028/s/43b5aa79/sc/4/rc/1/rc.img"" border=""0""/></a><br/><a href=""http://da.feedsportal.com/r/222166438698/u/49/f/647410/c/35028/s/43b5aa79/sc/4/rc/2/rc.htm"" rel=""nofollow""><img src=""http://da.feedsportal.com/r/222166438698/u/49/f/647410/c/35028/s/43b5aa79/sc/4/rc/2/rc.img"" border=""0""/></a><br/><a href=""http://da.feedsportal.com/r/222166438698/u/49/f/647410/c/35028/s/43b5aa79/sc/4/rc/3/rc.htm"" rel=""nofollow""><img src=""http://da.feedsportal.com/r/222166438698/u/49/f/647410/c/35028/s/43b5aa79/sc/4/rc/3/rc.img"" border=""0""/></a><br/><br/><a href=""http://da.feedsportal.com/r/222166438698/u/49/f/647410/c/35028/s/43b5aa79/sc/4/a2.htm""><img src=""http://da.feedsportal.com/r/222166438698/u/49/f/647410/c/35028/s/43b5aa79/sc/4/a2.img"" border=""0""/></a><img width=""1"" height=""1"" src=""http://pi.feedsportal.com/r/222166438698/u/49/f/647410/c/35028/s/43b5aa79/sc/4/a2t.img"" border=""0""/><img src=""//feeds.feedburner.com/~r/Slashdot/slashdot/~4/34LOJ8NPN0k"" height=""1"" width=""1"" alt=""""/>"
"Linux Kernel Switching To Linux v4.0, Coming With Many New Addons",http://rss.slashdot.org/~r/Slashdot/slashdot/~3/OcbXPjjA9EU/story01.htm,"An anonymous reader writes Following polling on Linus Torvald's Google+ page, he's decided to make the next kernel version Linux 4.0 rather than Linux 3.20. Linux 4.0 is going to bring many big improvements besides the version bump with there being live kernel patching, pNFS block server support, VirtIO 1.0, IBM z13 mainframe support, new ARM SoC support, and many new hardware drivers and general improvements. Linux 4.0 is codenamed ""Hurr durr I'ma sheep.""<p><div class=""share_submission"" style=""position:relative;""> <a class=""slashpop"" href=""http://twitter.com/home?status=Linux+Kernel+Switching+To+Linux+v4.0%2C+Coming+With+Many+New+Addons%3A+http%3A%2F%2Fbit.ly%2F1FNWu20""><img src=""http://a.fsdn.com/sd/twitter_icon_large.png""></a> <a class=""slashpop"" href=""http://www.facebook.com/sharer.php?u=http%3A%2F%2Flinux.slashdot.org%2Fstory%2F15%2F02%2F23%2F0535235%2Flinux-kernel-switching-to-linux-v40-coming-with-many-new-addons%3Futm_source%3Dslashdot%26utm_medium%3Dfacebook""><img src=""http://a.fsdn.com/sd/facebook_icon_large.png""></a> <a class=""nobg"" href=""http://plus.google.com/share?url=http://linux.slashdot.org/story/15/02/23/0535235/linux-kernel-switching-to-linux-v40-coming-with-many-new-addons?utm_source=slashdot&amp;utm_medium=googleplus"" onclick=""javascript:window.open(this.href,'', 'menubar=no,toolbar=no,resizable=yes,scrollbars=yes,height=600,width=600');return false;""><img src=""http://www.gstatic.com/images/icons/gplus-16.png"" alt=""Share on Google+""/></a> </div></p><p><a href=""http://linux.slashdot.org/story/15/02/23/0535235/linux-kernel-switching-to-linux-v40-coming-with-many-new-addons?utm_source=rss1.0moreanon&amp;utm_medium=feed"">Read more of this story</a> at Slashdot.</p><iframe src=""http://slashdot.org/slashdot-it.pl?op=discuss&amp;id=7001983&amp;smallembed=1"" style=""height: 300px; width: 100%; border: none;""></iframe><img width='1' height='1' src='http://slashdot.feedsportal.com/c/35028/f/647410/s/43b17ef0/sc/4/mf.gif' border='0'/><br clear='all'/><br/><br/><a href=""http://da.feedsportal.com/r/222166422032/u/49/f/647410/c/35028/s/43b17ef0/sc/4/rc/1/rc.htm"" rel=""nofollow""><img src=""http://da.feedsportal.com/r/222166422032/u/49/f/647410/c/35028/s/43b17ef0/sc/4/rc/1/rc.img"" border=""0""/></a><br/><a href=""http://da.feedsportal.com/r/222166422032/u/49/f/647410/c/35028/s/43b17ef0/sc/4/rc/2/rc.htm"" rel=""nofollow""><img src=""http://da.feedsportal.com/r/222166422032/u/49/f/647410/c/35028/s/43b17ef0/sc/4/rc/2/rc.img"" border=""0""/></a><br/><a href=""http://da.feedsportal.com/r/222166422032/u/49/f/647410/c/35028/s/43b17ef0/sc/4/rc/3/rc.htm"" rel=""nofollow""><img src=""http://da.feedsportal.com/r/222166422032/u/49/f/647410/c/35028/s/43b17ef0/sc/4/rc/3/rc.img"" border=""0""/></a><br/><br/><a href=""http://da.feedsportal.com/r/222166422032/u/49/f/647410/c/35028/s/43b17ef0/sc/4/a2.htm""><img src=""http://da.feedsportal.com/r/222166422032/u/49/f/647410/c/35028/s/43b17ef0/sc/4/a2.img"" border=""0""/></a><img width=""1"" height=""1"" src=""http://pi.feedsportal.com/r/222166422032/u/49/f/647410/c/35028/s/43b17ef0/sc/4/a2t.img"" border=""0""/><img src=""//feeds.feedburner.com/~r/Slashdot/slashdot/~4/OcbXPjjA9EU"" height=""1"" width=""1"" alt=""""/>"
Looking Up Symptoms Online? These Companies Are Tracking You,http://rss.slashdot.org/~r/Slashdot/slashdot/~3/QqxHuzK-GS0/story01.htm,"merbs writes When we feel sick, fear disease, or have questions about our health, we turn first to the internet. According to the Pew Internet Project, 72 percent of US internet users look up health-related information online. But an astonishing number of the pages we visit to learn about private health concerns&mdash;confidentially, we assume&mdash;are tracking our queries, sending the sensitive data to third party corporations, even shipping the information directly to the same brokers who monitor our credit scores.<p><div class=""share_submission"" style=""position:relative;""> <a class=""slashpop"" href=""http://twitter.com/home?status=+Looking+Up+Symptoms+Online%3F+These+Companies+Are+Tracking+You%3A+http%3A%2F%2Fbit.ly%2F1wh6H4n""><img src=""http://a.fsdn.com/sd/twitter_icon_large.png""></a> <a class=""slashpop"" href=""http://www.facebook.com/sharer.php?u=http%3A%2F%2Fscience.slashdot.org%2Fstory%2F15%2F02%2F23%2F2024231%2Flooking-up-symptoms-online-these-companies-are-tracking-you%3Futm_source%3Dslashdot%26utm_medium%3Dfacebook""><img src=""http://a.fsdn.com/sd/facebook_icon_large.png""></a> <a class=""nobg"" href=""http://plus.google.com/share?url=http://science.slashdot.org/story/15/02/23/2024231/looking-up-symptoms-online-these-companies-are-tracking-you?utm_source=slashdot&amp;utm_medium=googleplus"" onclick=""javascript:window.open(this.href,'', 'menubar=no,toolbar=no,resizable=yes,scrollbars=yes,height=600,width=600');return false;""><img src=""http://www.gstatic.com/images/icons/gplus-16.png"" alt=""Share on Google+""/></a> </div></p><p><a href=""http://science.slashdot.org/story/15/02/23/2024231/looking-up-symptoms-online-these-companies-are-tracking-you?utm_source=rss1.0moreanon&amp;utm_medium=feed"">Read more of this story</a> at Slashdot.</p><iframe src=""http://slashdot.org/slashdot-it.pl?op=discuss&amp;id=7005157&amp;smallembed=1"" style=""height: 300px; width: 100%; border: none;""></iframe><img width='1' height='1' src='http://slashdot.feedsportal.com/c/35028/f/647410/s/43b6e093/sc/36/mf.gif' border='0'/><br clear='all'/><br/><br/><a href=""http://da.feedsportal.com/r/222166447745/u/49/f/647410/c/35028/s/43b6e093/sc/36/rc/1/rc.htm"" rel=""nofollow""><img src=""http://da.feedsportal.com/r/222166447745/u/49/f/647410/c/35028/s/43b6e093/sc/36/rc/1/rc.img"" border=""0""/></a><br/><a href=""http://da.feedsportal.com/r/222166447745/u/49/f/647410/c/35028/s/43b6e093/sc/36/rc/2/rc.htm"" rel=""nofollow""><img src=""http://da.feedsportal.com/r/222166447745/u/49/f/647410/c/35028/s/43b6e093/sc/36/rc/2/rc.img"" border=""0""/></a><br/><a href=""http://da.feedsportal.com/r/222166447745/u/49/f/647410/c/35028/s/43b6e093/sc/36/rc/3/rc.htm"" rel=""nofollow""><img src=""http://da.feedsportal.com/r/222166447745/u/49/f/647410/c/35028/s/43b6e093/sc/36/rc/3/rc.img"" border=""0""/></a><br/><br/><a href=""http://da.feedsportal.com/r/222166447745/u/49/f/647410/c/35028/s/43b6e093/sc/36/a2.htm""><img src=""http://da.feedsportal.com/r/222166447745/u/49/f/647410/c/35028/s/43b6e093/sc/36/a2.img"" border=""0""/></a><img width=""1"" height=""1"" src=""http://pi.feedsportal.com/r/222166447745/u/49/f/647410/c/35028/s/43b6e093/sc/36/a2t.img"" border=""0""/><img src=""//feeds.feedburner.com/~r/Slashdot/slashdot/~4/QqxHuzK-GS0"" height=""1"" width=""1"" alt=""""/>"
Microsoft Translator Now Supports Yucatec Maya and Quer&#233;taro Otomi Language,http://rss.slashdot.org/~r/Slashdot/slashdot/~3/PvbPq2IUthM/story01.htm,"First time accepted submitter BrianFagioli writes So, just how rare are these two languages? The Yucatec Maya language is spoken by less than 800,000 people, while the Quer&#233;taro Otomi is spoken by about 33,000. These are extremely low numbers in the grand scheme of things, which increases the risk of the languages dying out altogether. With that said, Microsoft's support of the languages in its translator software will essentially preserve it for posterity. Even if the languages end up fading away from actual use, it should live digitally forever.<p><div class=""share_submission"" style=""position:relative;""> <a class=""slashpop"" href=""http://twitter.com/home?status=Microsoft+Translator+Now+Supports+Yucatec+Maya+and+Quer%26%23233%3Btaro+Otomi+Language%3A+http%3A%2F%2Fbit.ly%2F1BHDcKz""><img src=""http://a.fsdn.com/sd/twitter_icon_large.png""></a> <a class=""slashpop"" href=""http://www.facebook.com/sharer.php?u=http%3A%2F%2Ftech.slashdot.org%2Fstory%2F15%2F02%2F23%2F1858209%2Fmicrosoft-translator-now-supports-yucatec-maya-and-quertaro-otomi-language%3Futm_source%3Dslashdot%26utm_medium%3Dfacebook""><img src=""http://a.fsdn.com/sd/facebook_icon_large.png""></a> <a class=""nobg"" href=""http://plus.google.com/share?url=http://tech.slashdot.org/story/15/02/23/1858209/microsoft-translator-now-supports-yucatec-maya-and-quertaro-otomi-language?utm_source=slashdot&amp;utm_medium=googleplus"" onclick=""javascript:window.open(this.href,'', 'menubar=no,toolbar=no,resizable=yes,scrollbars=yes,height=600,width=600');return false;""><img src=""http://www.gstatic.com/images/icons/gplus-16.png"" alt=""Share on Google+""/></a> </div></p><p><a href=""http://tech.slashdot.org/story/15/02/23/1858209/microsoft-translator-now-supports-yucatec-maya-and-quertaro-otomi-language?utm_source=rss1.0moreanon&amp;utm_medium=feed"">Read more of this story</a> at Slashdot.</p><iframe src=""http://slashdot.org/slashdot-it.pl?op=discuss&amp;id=7005031&amp;smallembed=1"" style=""height: 300px; width: 100%; border: none;""></iframe><img width='1' height='1' src='http://slashdot.feedsportal.com/c/35028/f/647410/s/43b5da12/sc/21/mf.gif' border='0'/><br clear='all'/><br/><br/><a href=""http://da.feedsportal.com/r/222166444071/u/49/f/647410/c/35028/s/43b5da12/sc/21/rc/1/rc.htm"" rel=""nofollow""><img src=""http://da.feedsportal.com/r/222166444071/u/49/f/647410/c/35028/s/43b5da12/sc/21/rc/1/rc.img"" border=""0""/></a><br/><a href=""http://da.feedsportal.com/r/222166444071/u/49/f/647410/c/35028/s/43b5da12/sc/21/rc/2/rc.htm"" rel=""nofollow""><img src=""http://da.feedsportal.com/r/222166444071/u/49/f/647410/c/35028/s/43b5da12/sc/21/rc/2/rc.img"" border=""0""/></a><br/><a href=""http://da.feedsportal.com/r/222166444071/u/49/f/647410/c/35028/s/43b5da12/sc/21/rc/3/rc.htm"" rel=""nofollow""><img src=""http://da.feedsportal.com/r/222166444071/u/49/f/647410/c/35028/s/43b5da12/sc/21/rc/3/rc.img"" border=""0""/></a><br/><br/><a href=""http://da.feedsportal.com/r/222166444071/u/49/f/647410/c/35028/s/43b5da12/sc/21/a2.htm""><img src=""http://da.feedsportal.com/r/222166444071/u/49/f/647410/c/35028/s/43b5da12/sc/21/a2.img"" border=""0""/></a><img width=""1"" height=""1"" src=""http://pi.feedsportal.com/r/222166444071/u/49/f/647410/c/35028/s/43b5da12/sc/21/a2t.img"" border=""0""/><img src=""//feeds.feedburner.com/~r/Slashdot/slashdot/~4/PvbPq2IUthM"" height=""1"" width=""1"" alt=""""/>"
"Microsoft, Lenovo scramble over Superfish security flaw (CBS News)",http://news.feedzilla.com/en_us/stories/science/422459362?client_source=api&format=json,"Adware pre-loaded on Lenovo laptops leaves users vulnerable to hackers

"
"Mummified Monk Found Inside 1,000-Year-Old Buddha Statue",http://rss.slashdot.org/~r/Slashdot/slashdot/~3/1R2WTsLHwNU/story01.htm,"An anonymous reader writes Using a CT scanner, scientists and hospital staff at the Meander Medical Center in the Netherlands have discovered the mummified body of a Chinese monk inside a statue of Buddha. The monk is believed to have lived around the year 1100. From the article: ""Glowing through the statue's golden cast, the human skeleton is believed to belong to Buddhist master Liu Quan, a member of the Chinese Meditation School. To further investigate the mummy, the researchers took the statue to the Meander Medical Center in Amersfoort and carried out an endoscopy and additional CT scans. They found out that Liu Quan's internal organs had been removed and replaced with scripts covered in Chinese writing. The museum speculates Liu Quan may have 'self-mummified' in order to become a 'living Buddha.'<p><div class=""share_submission"" style=""position:relative;""> <a class=""slashpop"" href=""http://twitter.com/home?status=Mummified+Monk+Found+Inside+1%2C000-Year-Old+Buddha+Statue%3A+http%3A%2F%2Fbit.ly%2F1JEd3k4""><img src=""http://a.fsdn.com/sd/twitter_icon_large.png""></a> <a class=""slashpop"" href=""http://www.facebook.com/sharer.php?u=http%3A%2F%2Fscience.slashdot.org%2Fstory%2F15%2F02%2F23%2F2124201%2Fmummified-monk-found-inside-1000-year-old-buddha-statue%3Futm_source%3Dslashdot%26utm_medium%3Dfacebook""><img src=""http://a.fsdn.com/sd/facebook_icon_large.png""></a> <a class=""nobg"" href=""http://plus.google.com/share?url=http://science.slashdot.org/story/15/02/23/2124201/mummified-monk-found-inside-1000-year-old-buddha-statue?utm_source=slashdot&amp;utm_medium=googleplus"" onclick=""javascript:window.open(this.href,'', 'menubar=no,toolbar=no,resizable=yes,scrollbars=yes,height=600,width=600');return false;""><img src=""http://www.gstatic.com/images/icons/gplus-16.png"" alt=""Share on Google+""/></a> </div></p><p><a href=""http://science.slashdot.org/story/15/02/23/2124201/mummified-monk-found-inside-1000-year-old-buddha-statue?utm_source=rss1.0moreanon&amp;utm_medium=feed"">Read more of this story</a> at Slashdot.</p><iframe src=""http://slashdot.org/slashdot-it.pl?op=discuss&amp;id=7005203&amp;smallembed=1"" style=""height: 300px; width: 100%; border: none;""></iframe><img width='1' height='1' src='http://slashdot.feedsportal.com/c/35028/f/647410/s/43b6f7ff/sc/38/mf.gif' border='0'/><br clear='all'/><br/><br/><a href=""http://da.feedsportal.com/r/222166444180/u/49/f/647410/c/35028/s/43b6f7ff/sc/38/rc/1/rc.htm"" rel=""nofollow""><img src=""http://da.feedsportal.com/r/222166444180/u/49/f/647410/c/35028/s/43b6f7ff/sc/38/rc/1/rc.img"" border=""0""/></a><br/><a href=""http://da.feedsportal.com/r/222166444180/u/49/f/647410/c/35028/s/43b6f7ff/sc/38/rc/2/rc.htm"" rel=""nofollow""><img src=""http://da.feedsportal.com/r/222166444180/u/49/f/647410/c/35028/s/43b6f7ff/sc/38/rc/2/rc.img"" border=""0""/></a><br/><a href=""http://da.feedsportal.com/r/222166444180/u/49/f/647410/c/35028/s/43b6f7ff/sc/38/rc/3/rc.htm"" rel=""nofollow""><img src=""http://da.feedsportal.com/r/222166444180/u/49/f/647410/c/35028/s/43b6f7ff/sc/38/rc/3/rc.img"" border=""0""/></a><br/><br/><a href=""http://da.feedsportal.com/r/222166444180/u/49/f/647410/c/35028/s/43b6f7ff/sc/38/a2.htm""><img src=""http://da.feedsportal.com/r/222166444180/u/49/f/647410/c/35028/s/43b6f7ff/sc/38/a2.img"" border=""0""/></a><img width=""1"" height=""1"" src=""http://pi.feedsportal.com/r/222166444180/u/49/f/647410/c/35028/s/43b6f7ff/sc/38/a2t.img"" border=""0""/><img src=""//feeds.feedburner.com/~r/Slashdot/slashdot/~4/1R2WTsLHwNU"" height=""1"" width=""1"" alt=""""/>"
"NSA, GHCQ Implicated In SIM Encryption Hack",http://rss.slashdot.org/~r/Slashdot/slashdot/~3/PbcA9BPvjxM/story01.htm,"First time accepted submitter BlacKSacrificE writes Australian carriers are bracing for a mass recall after it was revealed that a Dutch SIM card manufacturer Gemalto was penetrated by the GCHQ and the NSA in an alleged theft of encryption keys, allowing unfettered access to voice and text communications. The incident is suspected to have happened in 2010 and 2011 and seems to be a result of social engineering against employees, and was revealed by yet another Snowden document. Telstra, Vodafone and Optus have all stated they are waiting for further information from Gemalto before deciding a course of action. Gemalto said in a press release that they ""cannot at this early stage verify the findings of the publication"" and are continuing internal investigations, but considering Gemalto provides around 2 billion SIM cards to some 450 carriers across the globe (all of which use the same GSM encryption standard) the impact and fallout for Gemalto, and the affected carriers, could be huge.<p><div class=""share_submission"" style=""position:relative;""> <a class=""slashpop"" href=""http://twitter.com/home?status=NSA%2C+GHCQ+Implicated+In+SIM+Encryption+Hack%3A+http%3A%2F%2Fbit.ly%2F1D3oWHi""><img src=""http://a.fsdn.com/sd/twitter_icon_large.png""></a> <a class=""slashpop"" href=""http://www.facebook.com/sharer.php?u=http%3A%2F%2Fit.slashdot.org%2Fstory%2F15%2F02%2F23%2F1517241%2Fnsa-ghcq-implicated-in-sim-encryption-hack%3Futm_source%3Dslashdot%26utm_medium%3Dfacebook""><img src=""http://a.fsdn.com/sd/facebook_icon_large.png""></a> <a class=""nobg"" href=""http://plus.google.com/share?url=http://it.slashdot.org/story/15/02/23/1517241/nsa-ghcq-implicated-in-sim-encryption-hack?utm_source=slashdot&amp;utm_medium=googleplus"" onclick=""javascript:window.open(this.href,'', 'menubar=no,toolbar=no,resizable=yes,scrollbars=yes,height=600,width=600');return false;""><img src=""http://www.gstatic.com/images/icons/gplus-16.png"" alt=""Share on Google+""/></a> </div></p><p><a href=""http://it.slashdot.org/story/15/02/23/1517241/nsa-ghcq-implicated-in-sim-encryption-hack?utm_source=rss1.0moreanon&amp;utm_medium=feed"">Read more of this story</a> at Slashdot.</p><iframe src=""http://slashdot.org/slashdot-it.pl?op=discuss&amp;id=7004449&amp;smallembed=1"" style=""height: 300px; width: 100%; border: none;""></iframe><img width='1' height='1' src='http://slashdot.feedsportal.com/c/35028/f/647410/s/43b44485/sc/15/mf.gif' border='0'/><br clear='all'/><br/><br/><a href=""http://da.feedsportal.com/r/222166472560/u/49/f/647410/c/35028/s/43b44485/sc/15/rc/1/rc.htm"" rel=""nofollow""><img src=""http://da.feedsportal.com/r/222166472560/u/49/f/647410/c/35028/s/43b44485/sc/15/rc/1/rc.img"" border=""0""/></a><br/><a href=""http://da.feedsportal.com/r/222166472560/u/49/f/647410/c/35028/s/43b44485/sc/15/rc/2/rc.htm"" rel=""nofollow""><img src=""http://da.feedsportal.com/r/222166472560/u/49/f/647410/c/35028/s/43b44485/sc/15/rc/2/rc.img"" border=""0""/></a><br/><a href=""http://da.feedsportal.com/r/222166472560/u/49/f/647410/c/35028/s/43b44485/sc/15/rc/3/rc.htm"" rel=""nofollow""><img src=""http://da.feedsportal.com/r/222166472560/u/49/f/647410/c/35028/s/43b44485/sc/15/rc/3/rc.img"" border=""0""/></a><br/><br/><a href=""http://da.feedsportal.com/r/222166472560/u/49/f/647410/c/35028/s/43b44485/sc/15/a2.htm""><img src=""http://da.feedsportal.com/r/222166472560/u/49/f/647410/c/35028/s/43b44485/sc/15/a2.img"" border=""0""/></a><img width=""1"" height=""1"" src=""http://pi.feedsportal.com/r/222166472560/u/49/f/647410/c/35028/s/43b44485/sc/15/a2t.img"" border=""0""/><img src=""//feeds.feedburner.com/~r/Slashdot/slashdot/~4/PbcA9BPvjxM"" height=""1"" width=""1"" alt=""""/>"
Noted climate-change skeptic linked to corporate money (climateark),http://news.feedzilla.com/en_us/stories/science/422470060?client_source=api&format=json,"Seattle Times: For years, politicians wanting to block legislation on climate
change have bolstered their arguments by pointing to the work of a handful of
scientists who claim that greenhouse gases pose little risk to humanity. One
of the names they invoke most often is Wei-Hock Soon, known as Willie, a
scientist at the Harvard-Smithsonian Center for Astrophysics who claims that
variations in the sun’s energy can largely explain recent global warming. He
has often appeared on conservative news programs, testified...

"
Oil Pipeline Veto Expected to Be First in a Wave (NY Times),http://news.feedzilla.com/en_us/stories/science/422440429?client_source=api&format=json,"President Obama’s expected veto of the Keystone XL oil pipeline bill this
week, the third and most significant one of his six years in office, would
likely be followed by several others.







"
Only Twice Have Nations Banned a Weapon Before It Was Used; They May Do It Again,http://rss.slashdot.org/~r/Slashdot/slashdot/~3/psKoLSqxhl4/story01.htm,"Lasrick writes: Seth Baum reports on international efforts to ban 'killer robots' before they are used. China, Israel, Russia, the United Kingdom, and the United States are apparently developing precursor technology. ""Fully autonomous weapons are not unambiguously bad. They can reduce burdens on soldiers. Already, military robots are saving many service members' lives, for example by neutralizing improvised explosive devices in Afghanistan and Iraq. The more capabilities military robots have, the more they can keep soldiers from harm. They may also be able to complete missions that soldiers and non-autonomous weapons cannot."" But Baum, who founded the Global Catastrophic Risk Institute, goes on to outline the potential downsides, and there are quite a few.<p><div class=""share_submission"" style=""position:relative;""> <a class=""slashpop"" href=""http://twitter.com/home?status=Only+Twice+Have+Nations+Banned+a+Weapon+Before+It+Was+Used%3B+They+May+Do+It+Again%3A+http%3A%2F%2Fbit.ly%2F1BgZe74""><img src=""http://a.fsdn.com/sd/twitter_icon_large.png""></a> <a class=""slashpop"" href=""http://www.facebook.com/sharer.php?u=http%3A%2F%2Fhardware.slashdot.org%2Fstory%2F15%2F02%2F23%2F2358259%2Fonly-twice-have-nations-banned-a-weapon-before-it-was-used-they-may-do-it-again%3Futm_source%3Dslashdot%26utm_medium%3Dfacebook""><img src=""http://a.fsdn.com/sd/facebook_icon_large.png""></a> <a class=""nobg"" href=""http://plus.google.com/share?url=http://hardware.slashdot.org/story/15/02/23/2358259/only-twice-have-nations-banned-a-weapon-before-it-was-used-they-may-do-it-again?utm_source=slashdot&amp;utm_medium=googleplus"" onclick=""javascript:window.open(this.href,'', 'menubar=no,toolbar=no,resizable=yes,scrollbars=yes,height=600,width=600');return false;""><img src=""http://www.gstatic.com/images/icons/gplus-16.png"" alt=""Share on Google+""/></a> </div></p><p><a href=""http://hardware.slashdot.org/story/15/02/23/2358259/only-twice-have-nations-banned-a-weapon-before-it-was-used-they-may-do-it-again?utm_source=rss1.0moreanon&amp;utm_medium=feed"">Read more of this story</a> at Slashdot.</p><iframe src=""http://slashdot.org/slashdot-it.pl?op=discuss&amp;id=7005475&amp;smallembed=1"" style=""height: 300px; width: 100%; border: none;""></iframe><img width='1' height='1' src='http://slashdot.feedsportal.com/c/35028/f/647410/s/43b7eea5/sc/30/mf.gif' border='0'/><br clear='all'/><br/><br/><a href=""http://da.feedsportal.com/r/222166452356/u/49/f/647410/c/35028/s/43b7eea5/sc/30/rc/1/rc.htm"" rel=""nofollow""><img src=""http://da.feedsportal.com/r/222166452356/u/49/f/647410/c/35028/s/43b7eea5/sc/30/rc/1/rc.img"" border=""0""/></a><br/><a href=""http://da.feedsportal.com/r/222166452356/u/49/f/647410/c/35028/s/43b7eea5/sc/30/rc/2/rc.htm"" rel=""nofollow""><img src=""http://da.feedsportal.com/r/222166452356/u/49/f/647410/c/35028/s/43b7eea5/sc/30/rc/2/rc.img"" border=""0""/></a><br/><a href=""http://da.feedsportal.com/r/222166452356/u/49/f/647410/c/35028/s/43b7eea5/sc/30/rc/3/rc.htm"" rel=""nofollow""><img src=""http://da.feedsportal.com/r/222166452356/u/49/f/647410/c/35028/s/43b7eea5/sc/30/rc/3/rc.img"" border=""0""/></a><br/><br/><a href=""http://da.feedsportal.com/r/222166452356/u/49/f/647410/c/35028/s/43b7eea5/sc/30/a2.htm""><img src=""http://da.feedsportal.com/r/222166452356/u/49/f/647410/c/35028/s/43b7eea5/sc/30/a2.img"" border=""0""/></a><img width=""1"" height=""1"" src=""http://pi.feedsportal.com/r/222166452356/u/49/f/647410/c/35028/s/43b7eea5/sc/30/a2t.img"" border=""0""/><img src=""//feeds.feedburner.com/~r/Slashdot/slashdot/~4/psKoLSqxhl4"" height=""1"" width=""1"" alt=""""/>"
"Pandora Pays Artists $0.001 Per Stream, Thinks This Is ""Very Fair""",http://rss.slashdot.org/~r/Slashdot/slashdot/~3/1sLmFpJgFsc/story01.htm,"journovampire writes with this story about how much artists make on Spotify. ""Pandora founder Tim Westergren has claimed that the company is paying out 'very fair' sums to artists, despite its per-stream royalty weighing in at just one sixth of Spotify's. The digital personalized radio platform has previously gone on-record as saying that it pays music rights-holders approximately $0.0014 for each play of their tracks: Westergren blogged in 2013 that Pandora pays &lsquo;around $1,370 for a million spins&rsquo;. That&rsquo;s around 80% smaller than Spotify&rsquo;s per-stream payout, which officially stands somewhere between $0.006 and $0.0084.""<p><div class=""share_submission"" style=""position:relative;""> <a class=""slashpop"" href=""http://twitter.com/home?status=Pandora+Pays+Artists+%240.001+Per+Stream%2C+Thinks+This+Is+%22Very+Fair%22%3A+http%3A%2F%2Fbit.ly%2F1DNAQc4""><img src=""http://a.fsdn.com/sd/twitter_icon_large.png""></a> <a class=""slashpop"" href=""http://www.facebook.com/sharer.php?u=http%3A%2F%2Fnews.slashdot.org%2Fstory%2F15%2F02%2F23%2F135224%2Fpandora-pays-artists-0001-per-stream-thinks-this-is-very-fair%3Futm_source%3Dslashdot%26utm_medium%3Dfacebook""><img src=""http://a.fsdn.com/sd/facebook_icon_large.png""></a> <a class=""nobg"" href=""http://plus.google.com/share?url=http://news.slashdot.org/story/15/02/23/135224/pandora-pays-artists-0001-per-stream-thinks-this-is-very-fair?utm_source=slashdot&amp;utm_medium=googleplus"" onclick=""javascript:window.open(this.href,'', 'menubar=no,toolbar=no,resizable=yes,scrollbars=yes,height=600,width=600');return false;""><img src=""http://www.gstatic.com/images/icons/gplus-16.png"" alt=""Share on Google+""/></a> </div></p><p><a href=""http://news.slashdot.org/story/15/02/23/135224/pandora-pays-artists-0001-per-stream-thinks-this-is-very-fair?utm_source=rss1.0moreanon&amp;utm_medium=feed"">Read more of this story</a> at Slashdot.</p><iframe src=""http://slashdot.org/slashdot-it.pl?op=discuss&amp;id=7004149&amp;smallembed=1"" style=""height: 300px; width: 100%; border: none;""></iframe><img width='1' height='1' src='http://slashdot.feedsportal.com/c/35028/f/647410/s/43b3a095/sc/8/mf.gif' border='0'/><br clear='all'/><br/><br/><a href=""http://da.feedsportal.com/r/222166471519/u/49/f/647410/c/35028/s/43b3a095/sc/8/rc/1/rc.htm"" rel=""nofollow""><img src=""http://da.feedsportal.com/r/222166471519/u/49/f/647410/c/35028/s/43b3a095/sc/8/rc/1/rc.img"" border=""0""/></a><br/><a href=""http://da.feedsportal.com/r/222166471519/u/49/f/647410/c/35028/s/43b3a095/sc/8/rc/2/rc.htm"" rel=""nofollow""><img src=""http://da.feedsportal.com/r/222166471519/u/49/f/647410/c/35028/s/43b3a095/sc/8/rc/2/rc.img"" border=""0""/></a><br/><a href=""http://da.feedsportal.com/r/222166471519/u/49/f/647410/c/35028/s/43b3a095/sc/8/rc/3/rc.htm"" rel=""nofollow""><img src=""http://da.feedsportal.com/r/222166471519/u/49/f/647410/c/35028/s/43b3a095/sc/8/rc/3/rc.img"" border=""0""/></a><br/><br/><a href=""http://da.feedsportal.com/r/222166471519/u/49/f/647410/c/35028/s/43b3a095/sc/8/a2.htm""><img src=""http://da.feedsportal.com/r/222166471519/u/49/f/647410/c/35028/s/43b3a095/sc/8/a2.img"" border=""0""/></a><img width=""1"" height=""1"" src=""http://pi.feedsportal.com/r/222166471519/u/49/f/647410/c/35028/s/43b3a095/sc/8/a2t.img"" border=""0""/><img src=""//feeds.feedburner.com/~r/Slashdot/slashdot/~4/1sLmFpJgFsc"" height=""1"" width=""1"" alt=""""/>"
"Paper Test Quickly Detects Ebola, Dengue and Yellow Fever (Scientific American)",http://news.feedzilla.com/en_us/stories/science/422113601?client_source=api&format=json,"Silver nanoparticles on paper reveal three diseases with the speed and
simplicity of a home pregnancy test


-- Read more on ScientificAmerican.com

"
Pills that Help Addicts Quit Have a Catch (Scientific American),http://news.feedzilla.com/en_us/stories/science/422176915?client_source=api&format=json,"Prescription medication can help some people beat their addictions--but not
without complications


-- Read more on ScientificAmerican.com

"
"Researchers: Alcohol Health Risks Underestimated, Marijuana Relatively Safe",http://rss.slashdot.org/~r/Slashdot/slashdot/~3/UznTUVDKW1o/story01.htm,"schwit1 writes Compared to other recreational drugs &mdash; including alcohol &mdash; marijuana may be even safer than previously thought. And researchers may be systematically underestimating risks associated with alcohol use. They found that at the level of individual use, alcohol was the deadliest substance (abstract), followed by heroin and cocaine.<p><div class=""share_submission"" style=""position:relative;""> <a class=""slashpop"" href=""http://twitter.com/home?status=Researchers%3A+Alcohol+Health+Risks+Underestimated%2C+Marijuana+Relatively+Safe+%3A+http%3A%2F%2Fbit.ly%2F1DfEx9l""><img src=""http://a.fsdn.com/sd/twitter_icon_large.png""></a> <a class=""slashpop"" href=""http://www.facebook.com/sharer.php?u=http%3A%2F%2Fscience.slashdot.org%2Fstory%2F15%2F02%2F23%2F2121219%2Fresearchers-alcohol-health-risks-underestimated-marijuana-relatively-safe%3Futm_source%3Dslashdot%26utm_medium%3Dfacebook""><img src=""http://a.fsdn.com/sd/facebook_icon_large.png""></a> <a class=""nobg"" href=""http://plus.google.com/share?url=http://science.slashdot.org/story/15/02/23/2121219/researchers-alcohol-health-risks-underestimated-marijuana-relatively-safe?utm_source=slashdot&amp;utm_medium=googleplus"" onclick=""javascript:window.open(this.href,'', 'menubar=no,toolbar=no,resizable=yes,scrollbars=yes,height=600,width=600');return false;""><img src=""http://www.gstatic.com/images/icons/gplus-16.png"" alt=""Share on Google+""/></a> </div></p><p><a href=""http://science.slashdot.org/story/15/02/23/2121219/researchers-alcohol-health-risks-underestimated-marijuana-relatively-safe?utm_source=rss1.0moreanon&amp;utm_medium=feed"">Read more of this story</a> at Slashdot.</p><iframe src=""http://slashdot.org/slashdot-it.pl?op=discuss&amp;id=7005195&amp;smallembed=1"" style=""height: 300px; width: 100%; border: none;""></iframe><img width='1' height='1' src='http://slashdot.feedsportal.com/c/35028/f/647410/s/43b6e08d/sc/14/mf.gif' border='0'/><br clear='all'/><br/><br/><a href=""http://da.feedsportal.com/r/222166447746/u/49/f/647410/c/35028/s/43b6e08d/sc/14/rc/1/rc.htm"" rel=""nofollow""><img src=""http://da.feedsportal.com/r/222166447746/u/49/f/647410/c/35028/s/43b6e08d/sc/14/rc/1/rc.img"" border=""0""/></a><br/><a href=""http://da.feedsportal.com/r/222166447746/u/49/f/647410/c/35028/s/43b6e08d/sc/14/rc/2/rc.htm"" rel=""nofollow""><img src=""http://da.feedsportal.com/r/222166447746/u/49/f/647410/c/35028/s/43b6e08d/sc/14/rc/2/rc.img"" border=""0""/></a><br/><a href=""http://da.feedsportal.com/r/222166447746/u/49/f/647410/c/35028/s/43b6e08d/sc/14/rc/3/rc.htm"" rel=""nofollow""><img src=""http://da.feedsportal.com/r/222166447746/u/49/f/647410/c/35028/s/43b6e08d/sc/14/rc/3/rc.img"" border=""0""/></a><br/><br/><a href=""http://da.feedsportal.com/r/222166447746/u/49/f/647410/c/35028/s/43b6e08d/sc/14/a2.htm""><img src=""http://da.feedsportal.com/r/222166447746/u/49/f/647410/c/35028/s/43b6e08d/sc/14/a2.img"" border=""0""/></a><img width=""1"" height=""1"" src=""http://pi.feedsportal.com/r/222166447746/u/49/f/647410/c/35028/s/43b6e08d/sc/14/a2t.img"" border=""0""/><img src=""//feeds.feedburner.com/~r/Slashdot/slashdot/~4/UznTUVDKW1o"" height=""1"" width=""1"" alt=""""/>"
Self-Assembling Carbohydrates Trap Cancer Cells In A Cage (pubs.acs),http://news.feedzilla.com/en_us/stories/science/422140301?client_source=api&format=json,"Biomaterials: The molecules form a deadly nanofiber web around bone cancer
cells while leaving healthy cells alone

"
"Shark Attacks on the Rise, But Fewer Deaths (Discovery)",http://news.feedzilla.com/en_us/stories/science/422207145?client_source=api&format=json,"Florida once again tops the list of states where shark attacks are reported --
but it just may be because people swim there year-round.

"
Star Buzzed Our Solar System during Human Prehistory (Scientific American),http://news.feedzilla.com/en_us/stories/science/422114496?client_source=api&format=json,"A faint star with an even fainter companion came close enough some 70,000
years ago to perturb distant comets in our solar system


-- Read more on ScientificAmerican.com

"
"The History of Sex.com, the Most Contested Domain On the Internet",http://rss.slashdot.org/~r/Slashdot/slashdot/~3/R_xwU64Ply8/story01.htm,"sarahnaomi writes On its face, sex.com looks like a no-frills Pinterest for porn, but behind the site lies an ongoing grudge match between the man who invented online dating and a con artist who stole the crown jewel of the internet out from under him. The history of the domain is well documented, with two books and dozens of articles written on the subject. It was first registered in 1994 by Gary Kremen, the entrepreneur who founded Match.com and was savvy enough to buy up several generic domains, including jobs.com and housing.com, in the early days of the internet.<p><div class=""share_submission"" style=""position:relative;""> <a class=""slashpop"" href=""http://twitter.com/home?status=The+History+of+Sex.com%2C+the+Most+Contested+Domain+On+the+Internet%3A+http%3A%2F%2Fbit.ly%2F1DcRnVO""><img src=""http://a.fsdn.com/sd/twitter_icon_large.png""></a> <a class=""slashpop"" href=""http://www.facebook.com/sharer.php?u=http%3A%2F%2Ftech.slashdot.org%2Fstory%2F15%2F02%2F23%2F1256246%2Fthe-history-of-sexcom-the-most-contested-domain-on-the-internet%3Futm_source%3Dslashdot%26utm_medium%3Dfacebook""><img src=""http://a.fsdn.com/sd/facebook_icon_large.png""></a> <a class=""nobg"" href=""http://plus.google.com/share?url=http://tech.slashdot.org/story/15/02/23/1256246/the-history-of-sexcom-the-most-contested-domain-on-the-internet?utm_source=slashdot&amp;utm_medium=googleplus"" onclick=""javascript:window.open(this.href,'', 'menubar=no,toolbar=no,resizable=yes,scrollbars=yes,height=600,width=600');return false;""><img src=""http://www.gstatic.com/images/icons/gplus-16.png"" alt=""Share on Google+""/></a> </div></p><p><a href=""http://tech.slashdot.org/story/15/02/23/1256246/the-history-of-sexcom-the-most-contested-domain-on-the-internet?utm_source=rss1.0moreanon&amp;utm_medium=feed"">Read more of this story</a> at Slashdot.</p><iframe src=""http://slashdot.org/slashdot-it.pl?op=discuss&amp;id=7004125&amp;smallembed=1"" style=""height: 300px; width: 100%; border: none;""></iframe><img width='1' height='1' src='http://slashdot.feedsportal.com/c/35028/f/647410/s/43b30167/sc/4/mf.gif' border='0'/><br clear='all'/><br/><br/><a href=""http://da.feedsportal.com/r/222166468566/u/49/f/647410/c/35028/s/43b30167/sc/4/rc/1/rc.htm"" rel=""nofollow""><img src=""http://da.feedsportal.com/r/222166468566/u/49/f/647410/c/35028/s/43b30167/sc/4/rc/1/rc.img"" border=""0""/></a><br/><a href=""http://da.feedsportal.com/r/222166468566/u/49/f/647410/c/35028/s/43b30167/sc/4/rc/2/rc.htm"" rel=""nofollow""><img src=""http://da.feedsportal.com/r/222166468566/u/49/f/647410/c/35028/s/43b30167/sc/4/rc/2/rc.img"" border=""0""/></a><br/><a href=""http://da.feedsportal.com/r/222166468566/u/49/f/647410/c/35028/s/43b30167/sc/4/rc/3/rc.htm"" rel=""nofollow""><img src=""http://da.feedsportal.com/r/222166468566/u/49/f/647410/c/35028/s/43b30167/sc/4/rc/3/rc.img"" border=""0""/></a><br/><br/><a href=""http://da.feedsportal.com/r/222166468566/u/49/f/647410/c/35028/s/43b30167/sc/4/a2.htm""><img src=""http://da.feedsportal.com/r/222166468566/u/49/f/647410/c/35028/s/43b30167/sc/4/a2.img"" border=""0""/></a><img width=""1"" height=""1"" src=""http://pi.feedsportal.com/r/222166468566/u/49/f/647410/c/35028/s/43b30167/sc/4/a2t.img"" border=""0""/><img src=""//feeds.feedburner.com/~r/Slashdot/slashdot/~4/R_xwU64Ply8"" height=""1"" width=""1"" alt=""""/>"
What If We Lost the Sky?,http://rss.slashdot.org/~r/Slashdot/slashdot/~3/a6QAldKPq4A/story01.htm,"HughPickens.com (3830033) writes ""Anna North writes in the NYT that a report released last week by the National Research Council calls for research into reversing climate change through a process called albedo modification: reflecting sunlight away from earth by, for instance, spraying aerosols into the atmosphere. But such a process could, some say, change the appearance of the sky &mdash; and that in turn could affect everything from our physical health to the way we see ourselves. ""You'd get whiter skies. People wouldn't have blue skies anymore."" says Alan Robock. ""Astronomers wouldn't be happy, because you'd have a cloud up there permanently. It'd be hard to see the Milky Way anymore."" According to Dacher Keltner, a psychology professor at the University of California, losing the night sky would have big consequences. ""When you go outside, and you walk in a beautiful setting, and you just feel not only uplifted but you just feel stronger. There's clearly a neurophysiological basis for that,"" says Keltner, adding that looking up at a starry sky provides ""almost a prototypical awe experience,"" an opportunity to feel ""that you are small and modest and part of something vast."" If we lose the night sky ""we lose something precious and sacred."" ""We're finding in our lab that the experience of awe gets you to feel connected to something larger than yourself, see the humanity in other people,"" says Paul K. Piff. ""In many ways it's kind of an antidote to narcissism."" And the sky is one of the few sources of that experience that's available to almost everybody: ""Not everyone has access to the ocean or giant trees, or the Grand Canyon, but we certainly all live beneath the night sky."" Alan Robock says one possible upside of adding aerosols could be beautiful red and yellow sunsets as ""the yellow and red colors reflect off the bottom of this cloud."" Robock recommends more research into albedo modification: ""If people ever are tempted to do this, I want them to have a lot of information about what the potential benefits and risks would be so they can make an informed decision. Dr. Abdalati says deploying something like albedo modification is a last-ditch effort. ""We've gotten ourselves into a climate mess. The fact that we're even talking about these kinds of things is indicative of that.""<p><div class=""share_submission"" style=""position:relative;""> <a class=""slashpop"" href=""http://twitter.com/home?status=What+If+We+Lost+the+Sky%3F%3A+http%3A%2F%2Fbit.ly%2F1B4LieQ""><img src=""http://a.fsdn.com/sd/twitter_icon_large.png""></a> <a class=""slashpop"" href=""http://www.facebook.com/sharer.php?u=http%3A%2F%2Fscience.slashdot.org%2Fstory%2F15%2F02%2F22%2F2310205%2Fwhat-if-we-lost-the-sky%3Futm_source%3Dslashdot%26utm_medium%3Dfacebook""><img src=""http://a.fsdn.com/sd/facebook_icon_large.png""></a> <a class=""nobg"" href=""http://plus.google.com/share?url=http://science.slashdot.org/story/15/02/22/2310205/what-if-we-lost-the-sky?utm_source=slashdot&amp;utm_medium=googleplus"" onclick=""javascript:window.open(this.href,'', 'menubar=no,toolbar=no,resizable=yes,scrollbars=yes,height=600,width=600');return false;""><img src=""http://www.gstatic.com/images/icons/gplus-16.png"" alt=""Share on Google+""/></a> </div></p><p><a href=""http://science.slashdot.org/story/15/02/22/2310205/what-if-we-lost-the-sky?utm_source=rss1.0moreanon&amp;utm_medium=feed"">Read more of this story</a> at Slashdot.</p><iframe src=""http://slashdot.org/slashdot-it.pl?op=discuss&amp;id=7001257&amp;smallembed=1"" style=""height: 300px; width: 100%; border: none;""></iframe><img width='1' height='1' src='http://slashdot.feedsportal.com/c/35028/f/647410/s/43b2b696/sc/36/mf.gif' border='0'/><br clear='all'/><br/><br/><a href=""http://da.feedsportal.com/r/222166430956/u/49/f/647410/c/35028/s/43b2b696/sc/36/rc/1/rc.htm"" rel=""nofollow""><img src=""http://da.feedsportal.com/r/222166430956/u/49/f/647410/c/35028/s/43b2b696/sc/36/rc/1/rc.img"" border=""0""/></a><br/><a href=""http://da.feedsportal.com/r/222166430956/u/49/f/647410/c/35028/s/43b2b696/sc/36/rc/2/rc.htm"" rel=""nofollow""><img src=""http://da.feedsportal.com/r/222166430956/u/49/f/647410/c/35028/s/43b2b696/sc/36/rc/2/rc.img"" border=""0""/></a><br/><a href=""http://da.feedsportal.com/r/222166430956/u/49/f/647410/c/35028/s/43b2b696/sc/36/rc/3/rc.htm"" rel=""nofollow""><img src=""http://da.feedsportal.com/r/222166430956/u/49/f/647410/c/35028/s/43b2b696/sc/36/rc/3/rc.img"" border=""0""/></a><br/><br/><a href=""http://da.feedsportal.com/r/222166430956/u/49/f/647410/c/35028/s/43b2b696/sc/36/a2.htm""><img src=""http://da.feedsportal.com/r/222166430956/u/49/f/647410/c/35028/s/43b2b696/sc/36/a2.img"" border=""0""/></a><img width=""1"" height=""1"" src=""http://pi.feedsportal.com/r/222166430956/u/49/f/647410/c/35028/s/43b2b696/sc/36/a2t.img"" border=""0""/><img src=""//feeds.feedburner.com/~r/Slashdot/slashdot/~4/a6QAldKPq4A"" height=""1"" width=""1"" alt=""""/>"
YouTube Kids Launches On Android and iOS,http://rss.slashdot.org/~r/Slashdot/slashdot/~3/IKHiHWtmDy8/story01.htm,"An anonymous reader writes As expected, YouTube today launched YouTube Kids for Android and iOS, described as a ""family-friendly destination"" and ""the first Google product built from the ground up with little ones in mind."" You can download the new app for free, available only in the U.S., directly from Google Play and Apple's App Store. The app's main selling point is that it only has content deemed appropriate for kids. In other words, the pitch to parents is very simple: This app will ensure that your kids can watch videos posted online without stumbling on clips you wouldn't want them to see.<p><div class=""share_submission"" style=""position:relative;""> <a class=""slashpop"" href=""http://twitter.com/home?status=YouTube+Kids+Launches+On+Android+and+iOS%3A+http%3A%2F%2Fbit.ly%2F1GlrPGV""><img src=""http://a.fsdn.com/sd/twitter_icon_large.png""></a> <a class=""slashpop"" href=""http://www.facebook.com/sharer.php?u=http%3A%2F%2Fnews.slashdot.org%2Fstory%2F15%2F02%2F23%2F1644214%2Fyoutube-kids-launches-on-android-and-ios%3Futm_source%3Dslashdot%26utm_medium%3Dfacebook""><img src=""http://a.fsdn.com/sd/facebook_icon_large.png""></a> <a class=""nobg"" href=""http://plus.google.com/share?url=http://news.slashdot.org/story/15/02/23/1644214/youtube-kids-launches-on-android-and-ios?utm_source=slashdot&amp;utm_medium=googleplus"" onclick=""javascript:window.open(this.href,'', 'menubar=no,toolbar=no,resizable=yes,scrollbars=yes,height=600,width=600');return false;""><img src=""http://www.gstatic.com/images/icons/gplus-16.png"" alt=""Share on Google+""/></a> </div></p><p><a href=""http://news.slashdot.org/story/15/02/23/1644214/youtube-kids-launches-on-android-and-ios?utm_source=rss1.0moreanon&amp;utm_medium=feed"">Read more of this story</a> at Slashdot.</p><iframe src=""http://slashdot.org/slashdot-it.pl?op=discuss&amp;id=7004689&amp;smallembed=1"" style=""height: 300px; width: 100%; border: none;""></iframe><img width='1' height='1' src='http://slashdot.feedsportal.com/c/35028/f/647410/s/43b51ca6/sc/15/mf.gif' border='0'/><br clear='all'/><br/><br/><a href=""http://da.feedsportal.com/r/222166439810/u/49/f/647410/c/35028/s/43b51ca6/sc/15/rc/1/rc.htm"" rel=""nofollow""><img src=""http://da.feedsportal.com/r/222166439810/u/49/f/647410/c/35028/s/43b51ca6/sc/15/rc/1/rc.img"" border=""0""/></a><br/><a href=""http://da.feedsportal.com/r/222166439810/u/49/f/647410/c/35028/s/43b51ca6/sc/15/rc/2/rc.htm"" rel=""nofollow""><img src=""http://da.feedsportal.com/r/222166439810/u/49/f/647410/c/35028/s/43b51ca6/sc/15/rc/2/rc.img"" border=""0""/></a><br/><a href=""http://da.feedsportal.com/r/222166439810/u/49/f/647410/c/35028/s/43b51ca6/sc/15/rc/3/rc.htm"" rel=""nofollow""><img src=""http://da.feedsportal.com/r/222166439810/u/49/f/647410/c/35028/s/43b51ca6/sc/15/rc/3/rc.img"" border=""0""/></a><br/><br/><a href=""http://da.feedsportal.com/r/222166439810/u/49/f/647410/c/35028/s/43b51ca6/sc/15/a2.htm""><img src=""http://da.feedsportal.com/r/222166439810/u/49/f/647410/c/35028/s/43b51ca6/sc/15/a2.img"" border=""0""/></a><img width=""1"" height=""1"" src=""http://pi.feedsportal.com/r/222166439810/u/49/f/647410/c/35028/s/43b51ca6/sc/15/a2t.img"" border=""0""/><img src=""//feeds.feedburner.com/~r/Slashdot/slashdot/~4/IKHiHWtmDy8"" height=""1"" width=""1"" alt=""""/>"
